"Product","ASIN","Organic Rank","Price ","Revenue","Share"
"Splatter Screen for Frying Pan, 17.3x12.5 Inch Universal Splatter Guard with Heat-Resistant Silicone Handle for Mess-Free Cooking, Easy to Clean - Kivano","B0GDDRF952",3,24.99,199.92,15.65
"2 Pcs Silicone Sink Splash Guard, Non-Slip Suction Cup Base Sink Splash Guard, 20.5"" L Splatter Screens Reusable Water Splash Guard, Baffle Board for Kitchen and Bathroom (Gery)","B0FJ8RJ7T8",42,23.88,191.04,14.96
"Silicone Splatter Screen for 10, 11 and 12 Inch Frying Pan, Foldable Splash Guard, Multi-Use Grease Splatter Guard/Trivet Mat, 12"" Non-Stick Oil Splatter Guard, Dishwasher Safe, BPA Free, Gray","B0B6P9956Z",4,29.92,149.60,11.71
"Fry Wall Guard Frying Pan Oil Splatter Protector for Stove Top Premium Silicone Withstands 450°F Fits Round Square Pot","B0FW2KJDDR",29,24.91,149.46,11.70
"13"" Silicone Splatter Screen - Pan Cover with Folding Handle, High Heat Resistant Oil Splash Guard - Heat Insulation Cooling Mat, Strainer, Drain Board for Frying Pan (13"", black)","B08JM7XWGM",1,28.05,110.24,8.63
"Avanti Silicone Oil Spatter Screen with Soft Touch Handle, 32.8 cm Size","B08KY8PLN1",9,28.45,83.94,6.57
"Splatter Screen for Frying Pan, Kaloo Grease Splatter Guard, Heat-Resistant Splatter Guards for Frying, Silicone Splatter Guard for Everyday Cooking, Dishwasher Safe (13inch, Black)","B0CR5FSG5F",6,19.5,78.00,6.11
"Silicone Splatter Guard, Adjustable Frying Pan Wall, Anti Oil Splashing Splatter Guard, Multipurpose Frying Pan Guard, Cooking Supplies for Kitchen","B0DM9D6BTR",31,23.5,47.00,3.68
"Scanpan Silicone Splatter Guard","B0C6KXCPQT",33,23,46.00,3.60
"Silicone Splatter Screen for Frying Pan, Foldable Splash Guard, Multi-Use Grease Splatter Guard, Heat-Resistant Trivet Mat, 12"" Non-Stick Oil Splatter Guard, Dishwasher Safe, BPA Free-red","B0FRRXSS5H",2,18.08,36.16,2.83
"NoStik Silicone Fibreglass Splatter Guard, 28cm – Made from Silicone-Coated fibreglass, Heat-Resistant, Dishwasher-Safe, Reusable, PTFE & PFOA-Free. Keeps stovetop Clean and Mess-Free","B0DK312F53",14,17.95,35.90,2.81
"Splatter Screen -Multi Use 4 in 1 Silicone Pan Cover, Strainer, Cooling Mat, Drain Board, 13 Inch, 99% Oil Splash Guard for Cooking & Frying, Stops Hot Oil Splash, Black by Beckon Ware","B0786YMLQ8",18,29.9,29.90,2.34
"NoStik Silicone Fibreglass Splatter Guard, 36cm – Made from Silicone-Coated fibreglass, Heat-Resistant, Dishwasher-Safe, Reusable, PTFE & PFOA-Free. Keeps stovetop Clean and Mess-Free","B0DK2Z543C",43,26.95,26.95,2.11
"Silicone Splatter Screen for Frying Pans 11 Inch, Reusable Splatter Guard Cover with Steam Vents, Dishwasher Safe & BPA Free - Abvian","B0GK5RH3NJ",10,21.89,21.89,1.71
"Fry Wall Guard, Premium Silicone Oil Splatter Protector for Frying Pan & Pots, Withstands 450°F Heat, Universal Fit for Round Square Stove Top Cookware, Kitchen Splatter Screen Shield","B0G3GTMT73",39,21.69,21.69,1.70
"Silicone Splatter Screen with Foldable Handle - Heat Resistant Grease Splatter Cover for Frying Pan - Dishwasher Safe Kitchen Accessory - Protects from Splashes and Burns","B0CBBFC1K7",8,14.33,14.33,1.12
"Mixer Splatter Guard - Kitchen Bowl Splatter Guard, Silicone Reusable Egg Whisk Lids Screen for Cream Frothing Hand Electric Mixers","B0F9PVCD9B",36,12.43,12.43,0.97
"Silicone Splatter Screen for 10/11/12 Inch Frying Pan, Foldable Oil Splatter Guard Pan Cover, 14"" Multi-Use Grease Splatter Guard Dishwasher Safe for Kitchen Home","B0G934BQLR",5,10.96,10.96,0.86
"Silicone Splatter Screen for Frying Pan, Heat-Resistant 13-inch Black Splatter Guard - Dishwasher Safe","B0DLTQ8QMQ",7,32.99,"NaN","NaN"
"Silicone Splatter Screen, Foldable Grease Splash Guard Oil Splatter Guard Dishwasher Safe for 10/11/12 Inch Frying Pan","B0GS6GXZLK",11,9.66,"NaN","NaN"
"2 Pack Silicone Splatter Screen, Foldable Splash Guard, Multi-Use Grease Splatter Guard/Trivet Mat with Dual Handles, Dishwasher Safe Drain Board for Frying Pan, 34x28cm (Black+White)","B0GWHRZM61",13,11.99,11.99,0.94
"11.5"" Silicone Splatter Screen - Pan Cover with Folding Handle, High Heat Resistant Oil Splash Guard - Heat Insulation Cooling Mat, Strainer, Drain Board for Frying Pan (11.5“, black)","B09XN5BDBH",12,23,0.00,0.00
"Silicone Splatter Screen Pan Cover 11"", Heat Insulation Cooling Mat, Strainer, Drain Board, Oil Splash Guard for Frying Pan, Non-Stick, Heat Resistant Universal Pan Cover","B097TN5BLF",15,19.1,0.00,0.00
"13"" Silicone Splatter Screen - Pan Cover with Folding Handle, High Heat Resistant Oil Splash Guard - Heat Insulation Cooling Mat, Strainer, Drain Board for Frying Pan (13"", grey)","B08JM6XYQM",16,11.36,0.00,0.00
"2 Pack Silicone Splatter Screen/Anti-Splash Oil Net, Oil Separation Net, Multi-Use Splatter Screen, Protects Against Oil and Water Splashes(Black)","B0F9SNW1Q1",17,29.92,0.00,0.00
"2 Pack Silicone Splatter Screen, Foldable Splash Guard, Multi-Use Grease Splatter Guard/Trivet Mat with Dual Handles, Dishwasher Safe Drain Board for Frying Pan, 34x28cm (Black+Green)","B0GWHYHK2S",19,11.99,"NaN","NaN"
"2 Pack Silicone Splatter Screen for Frying Pan, 11inch Heat Resistant Grease Splatter Guard with Dual Handles, Foldable Splash Guard for Everyday Cooking, Dishwasher Safe (Black+Green)","B0GWMD7PCW",20,9.99,"NaN","NaN"
"Collapsible Microwave Splatter Cover For Food With Silicone Mats, Microwave Plate Cover With Steam Vent，BPA-Free Silicone & Plastic (black, 8.5IN)","B0DC6YB97R",21,14.99,0.00,0.00
"Splatter Screen for Frying Pan, Grease Splatter Guard, Heat-Resistant Splatter Guards for Frying, Silicone Splatter Guard for Everyday Cooking, Dishwasher Safe （16in×12in×0.5in）","B0D3DV7CQM",22,28.12,0.00,0.00
"Silicone Splatter Screen, Foldable Grease Splash Guard, Oil Splatter Guard Dishwasher Safe for 10/11/12 Inch Frying Pan","B0GWTDCT64",23,9.99,"NaN","NaN"
"Silicone Splatter Screen, Multi-Use Kitchen Tool, Protect Stovetop and Counters, 3-in-1 Silicone Kitchen Trivet, Splatter Screen, and Colander Lid, Gray","B088JB135S",24,33.39,0.00,0.00
"NoStik Silicone Fibreglass Splatter Guard, 32cm – Made from Silicone-Coated fibreglass, Heat-Resistant, Dishwasher-Safe, Reusable, PTFE & PFOA-Free. Keeps stovetop Clean and Mess-Free","B0DK2YWKXK",25,23.95,0.00,0.00
"13"" Silicone Splatter Screen - Pan Cover with Folding Handle, High Heat Resistant Oil Splash Guard - Heat Insulation Cooling Mat, Strainer, Drain Board for Frying Pan (13"", Black)","B0FLXBH2CS",26,37.99,0.00,0.00
"Silicone Splatter Screen, for Frying Pan, Foldable Grease Splatter Cover, Smooth to Clean Trivet Mat, for Kitchen Home Cooking, 40.8x33.8x0.5cm Red","B0GWMLJ77P",27,10.69,"NaN","NaN"
"Silicone Splatter Guard - Splash Shield Cover, Foldable Heat-Resistant Trivet Mat, for Cooking Pot Skillet Kitchen","B0G3YXNC5T",28,13.71,"NaN","NaN"
"Silicone Splatter Screen for Frying Pan, Oil Splash Protectors - Foldable Grease Splatter Guard - for Bacon Stove Cookware Kitchen","B0G95GR1H1",30,14,0.00,0.00
"Frying Pan Splatter Guard 12 Inch Silicone Splatter Guard Silicone Grease Splatter Guard with Scald-Proof Handle Heat Resistant Oil Splash Guard, Pan Cover for Cooking to Stop Hot Oil Splatter","B0CP9718VF",32,18.89,0.00,0.00
"Splatter Screen Compatible with Hexclad, Heat Resistant Silicone with Folding Handle, Grease-Free Cooking, Dishwasher Safe, 12.5 Inches, Black","B0FDKK13KV",34,45.85,0.00,0.00
"Premium Silicone Splatter Guard with Handle, High Heat Cooking Mat, Universal Pot Cover & Strainer for","B0FCYQVNFB",35,17.59,0.00,0.00
"Silicone Splatter Screen for Frying Pan 13”, Multi-Use Grease Splatter Guard Heat Resistant to Hot Oil Food Safety Oil Splash Guard","B093FFFZZQ",37,30.81,0.00,0.00
"Mixing Bowl Splatter Guard, PP Silicone Mixer Splatter Screen Splashproof Cover for Egg Bowl Whisks Cooking Baking, Splatter Guard for Mixer, Hand Mixer Splatter Guard","B0F5QPWGCS",38,17.79,0.00,0.00
"Splatter Screen for Frying Pan - Silicone Grease Screen for 10-12 Inch - Grease Splatter Cover, for Colander Pan Pot Kitchen Cooking Stove Baking Food Strainer Steamer","B0G4KJRRNP",40,12.29,"NaN","NaN"
"Frying Pan Silicone Splatter Screen Oil Strainer Easy Washing Prevents Oil Splashing Heat Resistant Kitchen Cooking Tool","B0GSHH8VVK",41,24.19,0.00,0.00
"Frying Pan Cover Splatter Screen with Scald-Proof Handle No More Mess Silicone Splatter Screen for Frying Pan Silica Gel, A","B0DSJZ3PQ5",44,15.09,0.00,0.00
"IOIUSKKU Splatter Screen for Guard Easy Cooking Easy Cleaning Silicone Splatter Screen for Frying Pan Silica Gel, A","B0F3ZPM7L7",45,17.49,"NaN","NaN"
"Pan Splash Guard - Silicone Frying Oil Screen 34x27.7cm for 10-12 Inch, Heat Resistant Splatter Cover, Non-stick Grease Protector for Kitchen","B0G4HQJYV7",46,20.39,0.00,0.00
"2 Pack Silicone Splatter Screen for Frying Pan Foldable Splash Guard Multi Use Grease Splatter Guard Heat Resistant Trivet Mat Dishwasher Safe(2PCS, Black+Green)","B0GWHZHNGR",47,16.99,"NaN","NaN"
"Splatter Screen for Frying Pan, Frying Oil Silicone Screen for 10-12 Inch, Household Splatter Cover, for Baking Food Strainer Colander Kitchen Cooking Stove Pan Pot Steamer","B0G4K6H9WM",48,17.89,"NaN","NaN"