ASIN,Title,Price,Monthly Revenue,BSR,Reviews,Rating,FBA,Rank,Sponsored
B0932L2JV8,Tab | 3 Under tab | Traditional Finger Tab | Finger Guard | Finger Protector | Chrome Tan Leather,$27.99,$53,123064,46,4.6,FBA,1,No
B0GC52R21D,"NovaSpark Archery Wrist Release Aid for Compound Bow – Auto-Closing Jaws & 3-Stage Adjustable Length | Smooth Caliper Trigger | Comfortable Strap for Youth & Adults Target Practice, Hunting",$16.99,$107,58337,4,4.8,FBA,2,No
B0DQQ8RWTH,"sntxmy Bow Release for Compound Bow, Archery Release Trigger, Compound Bow Release, Thumb Release.",$29.99,$890,14423,480,4.3,FBA,3,No
B0GCSTJY8P,"Archery Release Thumb Release for Compound Bow, 3 or 4 Finger Option Bow Release Aid - Left/Right Handed Adjustable Smooth Trigger for Hunting & Outdoor Shooting",$135.99,$8,289914,6,4.8,FBA,4,No
B0FXWV12HC,"Adjustable Wristband Release Aid Trigger, Index Finger Release Archery, Flexible Belt Connection, Automatic Closure,Compound Bow and Arrow Archery Accessories For Hunting.",$23.99,$7,544129,26,4.1,FBA,5,No
B08N3ZBY4Z,"Ringsun Leather Archery Finger Tabs,Handmade Archery Finger Guard for Shooting Practice Gear, Recurve Bow Fingers Tab",$12.99,$205,59229,389,4.4,FBA,6,No
B0G2XLQPBY,"Archery Finger Tab Genuine Leather, Upgraded Recurve Bow Finger Guard with Adjustable Metal Buckle — Prevents Slipping, Ideal for Target Shooting",$19.99,$33,218191,10,4.6,FBA,7,No
B0CVFBTK7B,"Toprank Leather Archery Finger Tabs - Handmade Finger Guard for Shooting Practice Gear, Recurve Bow Fingers Tab",$14.99,$29,128108,36,4.3,FBA,8,No
B0009TNS24,Allen Premium No Pinch Shooting Tab,$12.99,$38,129722,298,4,FBA,9,No
B0BTTYC356,Southland Archery Supply Barebow Suede and Leather Finger Tab Ambidextrous,$19.99,$47,140163,60,4.7,FBA,10,No
